,'LCPI','LIP','FF','GS1','GS2','EBP'
'01-Jan-1969 00:00:00',NaN,NaN,NaN,NaN,NaN,NaN
'01-Feb-1969 00:00:00',NaN,NaN,NaN,NaN,NaN,NaN
'01-Mar-1969 00:00:00',NaN,NaN,NaN,NaN,NaN,NaN
'01-Apr-1969 00:00:00',NaN,NaN,NaN,NaN,NaN,NaN
'01-May-1969 00:00:00',NaN,NaN,NaN,NaN,NaN,NaN
'01-Jun-1969 00:00:00',NaN,NaN,NaN,NaN,NaN,NaN
'01-Jul-1969 00:00:00',NaN,NaN,NaN,NaN,NaN,NaN
'01-Aug-1969 00:00:00',NaN,NaN,NaN,NaN,NaN,NaN
'01-Sep-1969 00:00:00',NaN,NaN,NaN,NaN,NaN,NaN
'01-Oct-1969 00:00:00',NaN,NaN,NaN,NaN,NaN,NaN
'01-Nov-1969 00:00:00',NaN,NaN,NaN,NaN,NaN,NaN
'01-Dec-1969 00:00:00',NaN,NaN,NaN,NaN,NaN,NaN
'01-Jan-1970 00:00:00',NaN,NaN,NaN,NaN,NaN,NaN
'01-Feb-1970 00:00:00',NaN,NaN,NaN,NaN,NaN,NaN
'01-Mar-1970 00:00:00',NaN,NaN,NaN,NaN,NaN,NaN
'01-Apr-1970 00:00:00',NaN,NaN,NaN,NaN,NaN,NaN
'01-May-1970 00:00:00',NaN,NaN,NaN,NaN,NaN,NaN
'01-Jun-1970 00:00:00',NaN,NaN,NaN,NaN,NaN,NaN
'01-Jul-1970 00:00:00',NaN,NaN,NaN,NaN,NaN,NaN
'01-Aug-1970 00:00:00',NaN,NaN,NaN,NaN,NaN,NaN
'01-Sep-1970 00:00:00',NaN,NaN,NaN,NaN,NaN,NaN
'01-Oct-1970 00:00:00',NaN,NaN,NaN,NaN,NaN,NaN
'01-Nov-1970 00:00:00',NaN,NaN,NaN,NaN,NaN,NaN
'01-Dec-1970 00:00:00',NaN,NaN,NaN,NaN,NaN,NaN
'01-Jan-1971 00:00:00',NaN,NaN,NaN,NaN,NaN,NaN
'01-Feb-1971 00:00:00',NaN,NaN,NaN,NaN,NaN,NaN
'01-Mar-1971 00:00:00',NaN,NaN,NaN,NaN,NaN,NaN
'01-Apr-1971 00:00:00',NaN,NaN,NaN,NaN,NaN,NaN
'01-May-1971 00:00:00',NaN,NaN,NaN,NaN,NaN,NaN
'01-Jun-1971 00:00:00',NaN,NaN,NaN,NaN,NaN,NaN
'01-Jul-1971 00:00:00',NaN,NaN,NaN,NaN,NaN,NaN
'01-Aug-1971 00:00:00',NaN,NaN,NaN,NaN,NaN,NaN
'01-Sep-1971 00:00:00',NaN,NaN,NaN,NaN,NaN,NaN
'01-Oct-1971 00:00:00',NaN,NaN,NaN,NaN,NaN,NaN
'01-Nov-1971 00:00:00',NaN,NaN,NaN,NaN,NaN,NaN
'01-Dec-1971 00:00:00',NaN,NaN,NaN,NaN,NaN,NaN
'01-Jan-1972 00:00:00',NaN,NaN,NaN,NaN,NaN,NaN
'01-Feb-1972 00:00:00',NaN,NaN,NaN,NaN,NaN,NaN
'01-Mar-1972 00:00:00',NaN,NaN,NaN,NaN,NaN,NaN
'01-Apr-1972 00:00:00',NaN,NaN,NaN,NaN,NaN,NaN
'01-May-1972 00:00:00',NaN,NaN,NaN,NaN,NaN,NaN
'01-Jun-1972 00:00:00',NaN,NaN,NaN,NaN,NaN,NaN
'01-Jul-1972 00:00:00',NaN,NaN,NaN,NaN,NaN,NaN
'01-Aug-1972 00:00:00',NaN,NaN,NaN,NaN,NaN,NaN
'01-Sep-1972 00:00:00',NaN,NaN,NaN,NaN,NaN,NaN
'01-Oct-1972 00:00:00',NaN,NaN,NaN,NaN,NaN,NaN
'01-Nov-1972 00:00:00',NaN,NaN,NaN,NaN,NaN,NaN
'01-Dec-1972 00:00:00',NaN,NaN,NaN,NaN,NaN,NaN
'01-Jan-1973 00:00:00',NaN,NaN,NaN,NaN,NaN,NaN
'01-Feb-1973 00:00:00',NaN,NaN,NaN,NaN,NaN,NaN
'01-Mar-1973 00:00:00',NaN,NaN,NaN,NaN,NaN,NaN
'01-Apr-1973 00:00:00',NaN,NaN,NaN,NaN,NaN,NaN
'01-May-1973 00:00:00',NaN,NaN,NaN,NaN,NaN,NaN
'01-Jun-1973 00:00:00',NaN,NaN,NaN,NaN,NaN,NaN
'01-Jul-1973 00:00:00',NaN,NaN,NaN,NaN,NaN,NaN
'01-Aug-1973 00:00:00',NaN,NaN,NaN,NaN,NaN,NaN
'01-Sep-1973 00:00:00',NaN,NaN,NaN,NaN,NaN,NaN
'01-Oct-1973 00:00:00',NaN,NaN,NaN,NaN,NaN,NaN
'01-Nov-1973 00:00:00',NaN,NaN,NaN,NaN,NaN,NaN
'01-Dec-1973 00:00:00',NaN,NaN,NaN,NaN,NaN,NaN
'01-Jan-1974 00:00:00',NaN,NaN,NaN,NaN,NaN,NaN
'01-Feb-1974 00:00:00',NaN,NaN,NaN,NaN,NaN,NaN
'01-Mar-1974 00:00:00',NaN,NaN,NaN,NaN,NaN,NaN
'01-Apr-1974 00:00:00',NaN,NaN,NaN,NaN,NaN,NaN
'01-May-1974 00:00:00',NaN,NaN,NaN,NaN,NaN,NaN
'01-Jun-1974 00:00:00',NaN,NaN,NaN,NaN,NaN,NaN
'01-Jul-1974 00:00:00',NaN,NaN,NaN,NaN,NaN,NaN
'01-Aug-1974 00:00:00',NaN,NaN,NaN,NaN,NaN,NaN
'01-Sep-1974 00:00:00',NaN,NaN,NaN,NaN,NaN,NaN
'01-Oct-1974 00:00:00',NaN,NaN,NaN,NaN,NaN,NaN
'01-Nov-1974 00:00:00',NaN,NaN,NaN,NaN,NaN,NaN
'01-Dec-1974 00:00:00',NaN,NaN,NaN,NaN,NaN,NaN
'01-Jan-1975 00:00:00',NaN,NaN,NaN,NaN,NaN,NaN
'01-Feb-1975 00:00:00',NaN,NaN,NaN,NaN,NaN,NaN
'01-Mar-1975 00:00:00',NaN,NaN,NaN,NaN,NaN,NaN
'01-Apr-1975 00:00:00',NaN,NaN,NaN,NaN,NaN,NaN
'01-May-1975 00:00:00',NaN,NaN,NaN,NaN,NaN,NaN
'01-Jun-1975 00:00:00',NaN,NaN,NaN,NaN,NaN,NaN
'01-Jul-1975 00:00:00',NaN,NaN,NaN,NaN,NaN,NaN
'01-Aug-1975 00:00:00',NaN,NaN,NaN,NaN,NaN,NaN
'01-Sep-1975 00:00:00',NaN,NaN,NaN,NaN,NaN,NaN
'01-Oct-1975 00:00:00',NaN,NaN,NaN,NaN,NaN,NaN
'01-Nov-1975 00:00:00',NaN,NaN,NaN,NaN,NaN,NaN
'01-Dec-1975 00:00:00',NaN,NaN,NaN,NaN,NaN,NaN
'01-Jan-1976 00:00:00',NaN,NaN,NaN,NaN,NaN,NaN
'01-Feb-1976 00:00:00',NaN,NaN,NaN,NaN,NaN,NaN
'01-Mar-1976 00:00:00',NaN,NaN,NaN,NaN,NaN,NaN
'01-Apr-1976 00:00:00',NaN,NaN,NaN,NaN,NaN,NaN
'01-May-1976 00:00:00',NaN,NaN,NaN,NaN,NaN,NaN
'01-Jun-1976 00:00:00',NaN,NaN,NaN,NaN,NaN,NaN
'01-Jul-1976 00:00:00',NaN,NaN,NaN,NaN,NaN,NaN
'01-Aug-1976 00:00:00',NaN,NaN,NaN,NaN,NaN,NaN
'01-Sep-1976 00:00:00',NaN,NaN,NaN,NaN,NaN,NaN
'01-Oct-1976 00:00:00',NaN,NaN,NaN,NaN,NaN,NaN
'01-Nov-1976 00:00:00',NaN,NaN,NaN,NaN,NaN,NaN
'01-Dec-1976 00:00:00',NaN,NaN,NaN,NaN,NaN,NaN
'01-Jan-1977 00:00:00',NaN,NaN,NaN,NaN,NaN,NaN
'01-Feb-1977 00:00:00',NaN,NaN,NaN,NaN,NaN,NaN
'01-Mar-1977 00:00:00',NaN,NaN,NaN,NaN,NaN,NaN
'01-Apr-1977 00:00:00',NaN,NaN,NaN,NaN,NaN,NaN
'01-May-1977 00:00:00',NaN,NaN,NaN,NaN,NaN,NaN
'01-Jun-1977 00:00:00',NaN,NaN,NaN,NaN,NaN,NaN
'01-Jul-1977 00:00:00',NaN,NaN,NaN,NaN,NaN,NaN
'01-Aug-1977 00:00:00',NaN,NaN,NaN,NaN,NaN,NaN
'01-Sep-1977 00:00:00',NaN,NaN,NaN,NaN,NaN,NaN
'01-Oct-1977 00:00:00',NaN,NaN,NaN,NaN,NaN,NaN
'01-Nov-1977 00:00:00',NaN,NaN,NaN,NaN,NaN,NaN
'01-Dec-1977 00:00:00',NaN,NaN,NaN,NaN,NaN,NaN
'01-Jan-1978 00:00:00',NaN,NaN,NaN,NaN,NaN,NaN
'01-Feb-1978 00:00:00',NaN,NaN,NaN,NaN,NaN,NaN
'01-Mar-1978 00:00:00',NaN,NaN,NaN,NaN,NaN,NaN
'01-Apr-1978 00:00:00',NaN,NaN,NaN,NaN,NaN,NaN
'01-May-1978 00:00:00',NaN,NaN,NaN,NaN,NaN,NaN
'01-Jun-1978 00:00:00',NaN,NaN,NaN,NaN,NaN,NaN
'01-Jul-1978 00:00:00',NaN,NaN,NaN,NaN,NaN,NaN
'01-Aug-1978 00:00:00',NaN,NaN,NaN,NaN,NaN,NaN
'01-Sep-1978 00:00:00',NaN,NaN,NaN,NaN,NaN,NaN
'01-Oct-1978 00:00:00',NaN,NaN,NaN,NaN,NaN,NaN
'01-Nov-1978 00:00:00',NaN,NaN,NaN,NaN,NaN,NaN
'01-Dec-1978 00:00:00',NaN,NaN,NaN,NaN,NaN,NaN
'01-Jan-1979 00:00:00',NaN,NaN,NaN,NaN,NaN,NaN
'01-Feb-1979 00:00:00',NaN,NaN,NaN,NaN,NaN,NaN
'01-Mar-1979 00:00:00',NaN,NaN,NaN,NaN,NaN,NaN
'01-Apr-1979 00:00:00',NaN,NaN,NaN,NaN,NaN,NaN
'01-May-1979 00:00:00',NaN,NaN,NaN,NaN,NaN,NaN
'01-Jun-1979 00:00:00',NaN,NaN,NaN,NaN,NaN,NaN
'01-Jul-1979 00:00:00',429.0459,394.3341,10.47,9.64,9.14,-0.223953
'01-Aug-1979 00:00:00',430.0003,393.6755,10.94,9.98,9.46,-0.317488
'01-Sep-1979 00:00:00',430.9456,393.8156,11.43,10.84,10.06,-0.089456
'01-Oct-1979 00:00:00',432.0151,394.3526,13.77,12.44,11.49,-0.912158
'01-Nov-1979 00:00:00',433.0733,394.2521,13.18,12.39,11.81,-0.166222
'01-Dec-1979 00:00:00',434.2506,394.3225,13.78,11.98,11.39,0.127869
'01-Jan-1980 00:00:00',435.6709,394.7512,13.82,12.06,11.5,-0.102562
'01-Feb-1980 00:00:00',436.9448,394.8297,14.13,13.92,13.42,-0.584882
'01-Mar-1980 00:00:00',438.3276,394.5222,17.19,15.82,14.88,0.256076
'01-Apr-1980 00:00:00',439.3214,392.4821,17.61,13.3,12.5,-0.731175
'01-May-1980 00:00:00',440.3054,389.9928,10.98,9.39,9.45,0.024596
'01-Jun-1980 00:00:00',441.2798,388.7642,9.47,8.16,8.73,-0.089556
'01-Jul-1980 00:00:00',441.401,388.1019,9.03,8.65,9.03,0.09304
'01-Aug-1980 00:00:00',442.1247,388.3893,9.61,10.24,10.53,-0.041169
'01-Sep-1980 00:00:00',442.9626,389.9868,10.87,11.52,11.57,-0.073297
'01-Oct-1980 00:00:00',443.9116,391.2341,12.81,12.49,12.09,-0.297335
'01-Nov-1980 00:00:00',444.9685,392.9452,15.85,14.15,13.51,0.26447
'01-Dec-1980 00:00:00',445.8988,393.5349,18.9,14.88,14.08,-0.103086
'01-Jan-1981 00:00:00',446.8204,392.9798,19.08,14.08,13.26,0.324857
'01-Feb-1981 00:00:00',447.7337,392.5141,15.93,14.57,13.92,0.103979
'01-Mar-1981 00:00:00',448.4132,393.0321,14.7,13.71,13.57,-0.035855
'01-Apr-1981 00:00:00',448.9759,392.6028,15.72,14.32,14.15,0.501343
'01-May-1981 00:00:00',449.6471,393.2151,18.52,16.2,15.46,0.263799
'01-Jun-1981 00:00:00',450.535,393.6755,19.1,14.86,14.51,0.424592
'01-Jul-1981 00:00:00',451.6339,394.302,19.04,15.72,15.35,0.412094
'01-Aug-1981 00:00:00',452.396,394.295,17.82,16.72,16.28,0.239638
'01-Sep-1981 00:00:00',453.3674,393.6595,15.87,16.52,16.46,0.396551
'01-Oct-1981 00:00:00',453.6891,392.9584,15.08,15.38,15.54,0.57229
'01-Nov-1981 00:00:00',454.1165,391.8488,13.31,12.41,12.88,0.160274
'01-Dec-1981 00:00:00',454.4358,390.7376,12.37,12.85,13.29,0.545328
'01-Jan-1982 00:00:00',454.7541,388.7501,13.22,14.32,14.57,0.756894
'01-Feb-1982 00:00:00',455.0714,390.6884,14.78,14.73,14.82,0.453381
'01-Mar-1982 00:00:00',455.0714,389.9463,14.68,13.95,14.19,0.908091
'01-Apr-1982 00:00:00',455.3877,389.0759,14.94,13.98,14.2,0.69748
'01-May-1982 00:00:00',456.3306,388.457,14.45,13.34,13.78,0.712093
'01-Jun-1982 00:00:00',457.4711,388.1209,14.15,14.07,14.47,0.642981
'01-Jul-1982 00:00:00',457.9852,387.8044,12.59,13.24,13.8,0.613466
'01-Aug-1982 00:00:00',458.1902,386.9698,10.12,11.43,12.32,-0.113349
'01-Sep-1982 00:00:00',458.1902,386.6297,10.31,10.85,11.78,0.476664
'01-Oct-1982 00:00:00',458.5987,385.766,9.71,9.32,10.19,0.125427
'01-Nov-1982 00:00:00',458.4967,385.3745,9.2,9.16,9.8,0.499413
'01-Dec-1982 00:00:00',458.1902,384.6451,8.95,8.91,9.66,0.697482
'01-Jan-1983 00:00:00',458.3947,386.542,8.68,8.62,9.33,0.328926
'01-Feb-1983 00:00:00',458.4967,385.9379,8.51,8.92,9.64,0.267022
'01-Mar-1983 00:00:00',458.5987,386.7701,8.77,9.04,9.66,0.215837
'01-Apr-1983 00:00:00',459.3098,387.9783,8.8,8.98,9.57,0.119112
'01-May-1983 00:00:00',459.7138,388.6617,8.63,8.9,9.49,-0.081389
'01-Jun-1983 00:00:00',459.9152,389.2026,8.98,9.66,10.18,0.087245
'01-Jul-1983 00:00:00',460.3168,390.7107,9.37,10.2,10.69,-0.075867
'01-Aug-1983 00:00:00',460.617,391.7938,9.56,10.53,11.07,-0.177673
'01-Sep-1983 00:00:00',460.9162,393.3054,9.45,10.16,10.79,-0.047112
'01-Oct-1983 00:00:00',461.3138,394.1108,9.48,9.81,10.57,-0.06537
'01-Nov-1983 00:00:00',461.611,394.4186,9.34,9.94,10.66,0.047045
'01-Dec-1983 00:00:00',461.9073,394.9284,9.47,10.11,10.84,0.129582
'01-Jan-1984 00:00:00',462.5953,396.9331,9.56,9.9,10.64,0.057239
'01-Feb-1984 00:00:00',463.0838,397.4271,9.59,10.04,10.79,-0.050522
'01-Mar-1984 00:00:00',463.3758,397.8902,9.91,10.59,11.31,0.030465
'01-Apr-1984 00:00:00',463.7637,398.5056,10.29,10.9,11.69,0.147306
'01-May-1984 00:00:00',463.9572,398.9998,10.32,11.66,12.47,-0.285679
'01-Jun-1984 00:00:00',464.1502,399.3539,11.06,12.08,12.91,-0.006005
'01-Jul-1984 00:00:00',464.5352,399.684,11.23,12.03,12.88,-0.120269
'01-Aug-1984 00:00:00',464.823,399.7602,11.64,11.82,12.43,0.221358
'01-Sep-1984 00:00:00',465.1099,399.6007,11.3,11.58,12.2,-0.017891
'01-Oct-1984 00:00:00',465.4912,399.4657,9.99,10.9,11.6,-0.233755
'01-Nov-1984 00:00:00',465.6813,399.8443,9.43,9.82,10.65,-0.067831
'01-Dec-1984 00:00:00',465.8711,399.9486,8.38,9.33,10.18,0.001616
'01-Jan-1985 00:00:00',466.0605,399.7064,8.35,9.02,9.93,-0.074955
'01-Feb-1985 00:00:00',466.6265,400.132,8.5,9.29,10.17,-0.095078
'01-Mar-1985 00:00:00',467.0958,400.2525,8.58,9.86,10.71,0.138643
'01-Apr-1985 00:00:00',467.2829,400.0103,8.27,9.14,10.09,-0.029021
'01-May-1985 00:00:00',467.4696,400.1366,7.97,8.46,9.39,-0.194037
'01-Jun-1985 00:00:00',467.7491,400.2067,7.53,7.8,8.69,0.212439
'01-Jul-1985 00:00:00',467.935,399.5114,7.88,7.86,8.77,0.134211
'01-Aug-1985 00:00:00',468.1205,399.9523,7.9,8.05,8.94,0.146921
'01-Sep-1985 00:00:00',468.3057,400.375,7.92,8.07,8.98,0.250984
'01-Oct-1985 00:00:00',468.675,399.9734,7.99,8.01,8.86,0.294745
'01-Nov-1985 00:00:00',469.1348,400.3154,8.05,7.88,8.58,0.29036
'01-Dec-1985 00:00:00',469.5925,401.3395,8.27,7.67,8.15,0.032192
'01-Jan-1986 00:00:00',469.9571,401.8288,8.14,7.73,8.14,0.338187
'01-Feb-1986 00:00:00',469.7749,401.0961,7.86,7.61,7.97,-0.28549
'01-Mar-1986 00:00:00',469.2265,400.4648,7.48,7.03,7.21,0.58569
'01-Apr-1986 00:00:00',468.8592,400.5333,6.99,6.44,6.7,0.54437
'01-May-1986 00:00:00',469.1348,400.708,6.85,6.65,7.07,0.030158
'01-Jun-1986 00:00:00',469.5011,400.386,6.92,6.73,7.18,0.022068
'01-Jul-1986 00:00:00',469.5925,401.0294,6.56,6.27,6.67,0.773264
'01-Aug-1986 00:00:00',469.6837,400.8137,6.17,5.93,6.33,0.70852
'01-Sep-1986 00:00:00',470.048,400.9872,5.89,5.77,6.35,0.314005
'01-Oct-1986 00:00:00',470.2297,401.4457,5.85,5.72,6.28,0.545463
'01-Nov-1986 00:00:00',470.411,401.9075,6.04,5.8,6.28,0.669255
'01-Dec-1986 00:00:00',470.7727,402.7786,6.91,5.87,6.27,0.699041
'01-Jan-1987 00:00:00',471.3127,402.4543,6.43,5.78,6.23,0.554116
'01-Feb-1987 00:00:00',471.6712,403.7386,6.1,5.96,6.4,0.630779
'01-Mar-1987 00:00:00',472.0283,403.8953,6.13,6.03,6.42,0.518992
'01-Apr-1987 00:00:00',472.4729,404.4934,6.37,6.5,7.02,-0.384307
'01-May-1987 00:00:00',472.7388,405.175,6.85,7,7.76,0.259175
'01-Jun-1987 00:00:00',473.1803,405.699,6.73,6.8,7.57,0.244076
'01-Jul-1987 00:00:00',473.4442,406.338,6.58,6.68,7.44,0.484995
'01-Aug-1987 00:00:00',473.8827,407.0586,6.73,7.03,7.75,0.469987
'01-Sep-1987 00:00:00',474.232,407.324,7.22,7.67,8.34,0.492706
'01-Oct-1987 00:00:00',474.4932,408.8293,7.29,7.59,8.4,-0.843692
'01-Nov-1987 00:00:00',474.8404,409.3584,6.69,6.96,7.69,0.264651
'01-Dec-1987 00:00:00',475.0136,409.8235,6.77,7.17,7.86,0.006715
'01-Jan-1988 00:00:00',475.359,409.8669,6.83,6.99,7.63,-0.181428
'01-Feb-1988 00:00:00',475.5313,410.2716,6.58,6.64,7.18,0.228407
'01-Mar-1988 00:00:00',475.7891,410.508,6.58,6.71,7.27,-0.04841
'01-Apr-1988 00:00:00',476.3882,411.038,6.87,7.01,7.59,0.001875
'01-May-1988 00:00:00',476.6438,410.9517,7.09,7.4,8,0.049413
'01-Jun-1988 00:00:00',477.0685,411.1965,7.51,7.49,8.03,0.093573
'01-Jul-1988 00:00:00',477.4913,411.3269,7.75,7.75,8.28,-0.230565
'01-Aug-1988 00:00:00',477.9124,411.747,8.01,8.17,8.63,-0.014694
'01-Sep-1988 00:00:00',478.3316,411.4033,8.19,8.09,8.46,0.146262
'01-Oct-1988 00:00:00',478.6658,411.9257,8.3,8.11,8.35,0.236986
'01-Nov-1988 00:00:00',478.9989,412.0978,8.35,8.48,8.67,0.101988
'01-Dec-1988 00:00:00',479.3308,412.5323,8.76,8.99,9.09,0.23073
'01-Jan-1989 00:00:00',479.7442,412.79,9.12,9.05,9.18,0.138146
'01-Feb-1989 00:00:00',480.0737,412.3722,9.36,9.25,9.37,-0.00409
'01-Mar-1989 00:00:00',480.5659,412.6536,9.85,9.57,9.68,0.280599
'01-Apr-1989 00:00:00',481.2997,412.6931,9.84,9.36,9.45,0.50671
'01-May-1989 00:00:00',481.7859,412.023,9.81,8.98,9.02,0.227865
'01-Jun-1989 00:00:00',482.1088,412.0848,9.53,8.44,8.41,0.408043
'01-Jul-1989 00:00:00',482.4306,411.1171,9.24,7.89,7.82,0.641174
'01-Aug-1989 00:00:00',482.4306,411.9796,8.99,8.18,8.14,0.352247
'01-Sep-1989 00:00:00',482.6712,411.7239,9.02,8.22,8.28,0.373951
'01-Oct-1989 00:00:00',483.1509,411.616,8.84,7.99,7.98,0.274534
'01-Nov-1989 00:00:00',483.5488,411.918,8.55,7.77,7.8,0.463822
'01-Dec-1989 00:00:00',483.866,412.5047,8.45,7.72,7.78,0.406334
'01-Jan-1990 00:00:00',484.8116,411.8969,8.23,7.92,8.09,0.121781
'01-Feb-1990 00:00:00',485.203,412.8269,8.24,8.11,8.37,0.241804
'01-Mar-1990 00:00:00',485.6707,413.3629,8.28,8.35,8.63,0.349573
'01-Apr-1990 00:00:00',485.9037,413.2314,8.26,8.4,8.72,-0.029281
'01-May-1990 00:00:00',486.0587,413.4243,8.18,8.32,8.64,-0.071917
'01-Jun-1990 00:00:00',486.6765,413.7447,8.29,8.1,8.35,0.035864
'01-Jul-1990 00:00:00',487.1373,413.5995,8.15,7.94,8.16,0.006528
'01-Aug-1990 00:00:00',487.9767,413.8833,8.13,7.78,8.06,-0.269673
'01-Sep-1990 00:00:00',488.6583,414.0822,8.2,7.76,8.08,-0.051052
'01-Oct-1990 00:00:00',489.3352,413.3222,8.11,7.55,7.88,0.099413
'01-Nov-1990 00:00:00',489.5598,412.1024,7.81,7.31,7.6,0.258542
'01-Dec-1990 00:00:00',489.9331,411.4036,7.31,7.05,7.31,0.192606
'01-Jan-1991 00:00:00',490.305,410.9627,6.91,6.64,7.13,0.22076
'01-Feb-1991 00:00:00',490.3792,410.319,6.25,6.27,6.87,0.139982
'01-Mar-1991 00:00:00',490.3792,409.7978,6.12,6.4,7.1,0.095124
'01-Apr-1991 00:00:00',490.6015,409.9621,5.91,6.24,6.95,0.092676
'01-May-1991 00:00:00',490.9709,410.9627,5.78,6.13,6.78,0.106881
'01-Jun-1991 00:00:00',491.2655,411.9382,5.9,6.36,6.96,0.033201
'01-Jul-1991 00:00:00',491.4124,411.912,5.82,6.31,6.92,0.115509
'01-Aug-1991 00:00:00',491.7057,412.0612,5.66,5.78,6.43,0.074946
'01-Sep-1991 00:00:00',491.9981,412.929,5.45,5.57,6.18,0.088652
'01-Oct-1991 00:00:00',492.144,412.7101,5.21,5.33,5.91,0.086014
'01-Nov-1991 00:00:00',492.5804,412.6021,4.81,4.89,5.56,0.095896
'01-Dec-1991 00:00:00',492.8702,412.2368,4.43,4.38,5.03,0.02729
'01-Jan-1992 00:00:00',492.9425,411.6077,4.03,4.15,4.96,-0.038977
'01-Feb-1992 00:00:00',493.1592,412.3853,4.06,4.29,5.21,-0.013052
'01-Mar-1992 00:00:00',493.5193,413.1774,3.98,4.63,5.69,-0.03771
'01-Apr-1992 00:00:00',493.7347,413.8881,3.73,4.3,5.34,-0.01459
'01-May-1992 00:00:00',493.9497,414.2433,3.82,4.19,5.23,-0.096207
'01-Jun-1992 00:00:00',494.2357,414.2374,3.76,4.17,5.05,-0.148848
'01-Jul-1992 00:00:00',494.5208,415.0985,3.25,3.6,4.36,-0.233425
'01-Aug-1992 00:00:00',494.734,414.5967,3.3,3.47,4.19,-0.063198
'01-Sep-1992 00:00:00',494.9469,414.8119,3.22,3.18,3.89,0.010572
'01-Oct-1992 00:00:00',495.3712,415.5916,3.1,3.3,4.08,0.000714
'01-Nov-1992 00:00:00',495.6531,416.0084,3.09,3.68,4.58,0.050682
'01-Dec-1992 00:00:00',495.7938,416.0321,2.92,3.71,4.67,0.082522
'01-Jan-1993 00:00:00',496.1445,416.525,3.02,3.5,4.39,0.03413
'01-Feb-1993 00:00:00',496.3544,416.8922,3.03,3.39,4.1,-0.011742
'01-Mar-1993 00:00:00',496.494,416.8546,3.07,3.33,3.95,0.000532
'01-Apr-1993 00:00:00',496.8423,417.1552,2.96,3.24,3.84,0.005023
'01-May-1993 00:00:00',497.1201,416.8035,3,3.36,3.98,-0.010239
'01-Jun-1993 00:00:00',497.1895,417.0112,3.04,3.54,4.16,-0.092369
'01-Jul-1993 00:00:00',497.3279,417.3179,3.06,3.47,4.07,-0.098521
'01-Aug-1993 00:00:00',497.5353,417.2778,3.03,3.44,4,-0.126471
'01-Sep-1993 00:00:00',497.6734,417.7493,3.09,3.36,3.85,-0.038514
'01-Oct-1993 00:00:00',498.0863,418.4828,2.99,3.39,3.87,-0.111725
'01-Nov-1993 00:00:00',498.3607,418.8867,3.02,3.58,4.16,-0.169558
'01-Dec-1993 00:00:00',498.5659,419.3894,2.96,3.61,4.21,-0.200074
'01-Jan-1994 00:00:00',498.5659,419.7906,3.05,3.54,4.14,-0.269455
'01-Feb-1994 00:00:00',498.839,419.8418,3.25,3.87,4.47,-0.459178
'01-Mar-1994 00:00:00',499.1113,420.8644,3.34,4.32,5,-0.350492
'01-Apr-1994 00:00:00',499.1792,421.3944,3.56,4.82,5.55,-0.320025
'01-May-1994 00:00:00',499.3828,421.942,4.01,5.31,5.97,-0.319522
'01-Jun-1994 00:00:00',499.6536,422.6045,4.25,5.27,5.93,-0.36392
'01-Jul-1994 00:00:00',499.9911,422.7623,4.26,5.48,6.13,-0.323668
'01-Aug-1994 00:00:00',500.3946,423.3295,4.47,5.56,6.18,-0.296783
'01-Sep-1994 00:00:00',500.5958,423.6468,4.73,5.76,6.39,-0.42854
'01-Oct-1994 00:00:00',500.6627,424.516,4.76,6.11,6.73,-0.326659
'01-Nov-1994 00:00:00',500.9301,425.1532,5.29,6.54,7.15,-0.30399
'01-Dec-1994 00:00:00',501.1302,426.1916,5.45,7.14,7.59,-0.253074
'01-Jan-1995 00:00:00',501.3963,426.3864,5.53,7.05,7.51,-0.273132
'01-Feb-1995 00:00:00',501.6617,426.3228,5.92,6.7,7.11,-0.327196
'01-Mar-1995 00:00:00',501.8604,426.4824,5.98,6.43,6.78,-0.329607
'01-Apr-1995 00:00:00',502.2564,426.4395,6.05,6.27,6.57,-0.259701
'01-May-1995 00:00:00',502.4538,426.7027,6.01,6,6.17,-0.401863
'01-Jun-1995 00:00:00',502.6508,427.0672,6,5.64,5.72,-0.187211
'01-Jul-1995 00:00:00',502.782,426.6815,5.85,5.59,5.78,-0.346603
'01-Aug-1995 00:00:00',502.9784,427.9903,5.74,5.75,5.98,-0.248873
'01-Sep-1995 00:00:00',503.1091,428.3589,5.8,5.62,5.81,-0.207413
'01-Oct-1995 00:00:00',503.3701,428.1811,5.76,5.59,5.7,-0.178842
'01-Nov-1995 00:00:00',503.5003,428.4396,5.8,5.43,5.48,-0.095936
'01-Dec-1995 00:00:00',503.6303,428.8258,5.6,5.31,5.32,-0.087709
'01-Jan-1996 00:00:00',504.1488,428.1644,5.56,5.09,5.11,-0.116741
'01-Feb-1996 00:00:00',504.3425,429.747,5.22,4.94,5.03,-0.330019
'01-Mar-1996 00:00:00',504.6646,429.5916,5.31,5.34,5.66,-0.340443
'01-Apr-1996 00:00:00',505.0497,430.4256,5.22,5.54,5.96,-0.294273
'01-May-1996 00:00:00',505.2417,431.1198,5.24,5.64,6.1,-0.327362
'01-Jun-1996 00:00:00',505.4333,432.0053,5.27,5.81,6.3,-0.303977
'01-Jul-1996 00:00:00',505.6246,431.873,5.4,5.85,6.27,-0.373247
'01-Aug-1996 00:00:00',505.7519,432.5219,5.22,5.67,6.03,-0.436534
'01-Sep-1996 00:00:00',506.0695,433.0516,5.3,5.83,6.23,-0.424425
'01-Oct-1996 00:00:00',506.386,433.0558,5.24,5.55,5.91,-0.381406
'01-Nov-1996 00:00:00',506.7016,433.8742,5.31,5.42,5.7,-0.349662
'01-Dec-1996 00:00:00',506.9533,434.5137,5.29,5.47,5.78,-0.442943
'01-Jan-1997 00:00:00',507.1417,434.627,5.25,5.61,6.01,-0.350262
'01-Feb-1997 00:00:00',507.3297,435.8319,5.19,5.53,5.9,-0.485871
'01-Mar-1997 00:00:00',507.3923,436.5974,5.39,5.8,6.22,-0.512084
'01-Apr-1997 00:00:00',507.4549,436.6422,5.51,5.99,6.45,-0.438469
'01-May-1997 00:00:00',507.4549,437.3299,5.5,5.87,6.28,-0.436481
'01-Jun-1997 00:00:00',507.6423,437.7813,5.56,5.69,6.09,-0.50729
'01-Jul-1997 00:00:00',507.7671,438.3895,5.52,5.54,5.89,-0.525862
'01-Aug-1997 00:00:00',508.0161,439.7059,5.54,5.56,5.94,-0.501028
'01-Sep-1997 00:00:00',508.2646,440.5731,5.54,5.52,5.88,-0.599141
'01-Oct-1997 00:00:00',508.4505,441.2547,5.5,5.46,5.77,-0.47386
'01-Nov-1997 00:00:00',508.5743,442.1395,5.52,5.46,5.71,-0.396917
'01-Dec-1997 00:00:00',508.6361,442.4941,5.5,5.53,5.72,-0.453156
'01-Jan-1998 00:00:00',508.7596,442.9876,5.56,5.24,5.36,-0.374018
'01-Feb-1998 00:00:00',508.7596,443.0764,5.51,5.31,5.42,-0.353293
'01-Mar-1998 00:00:00',508.7596,443.1419,5.49,5.39,5.56,-0.402522
'01-Apr-1998 00:00:00',508.883,443.5221,5.45,5.38,5.56,-0.476149
'01-May-1998 00:00:00',509.1293,444.1902,5.49,5.44,5.59,-0.435831
'01-Jun-1998 00:00:00',509.2523,443.6049,5.56,5.41,5.52,-0.421874
'01-Jul-1998 00:00:00',509.4977,443.179,5.54,5.36,5.46,-0.385605
'01-Aug-1998 00:00:00',509.6201,445.2782,5.55,5.21,5.27,-0.040715
'01-Sep-1998 00:00:00',509.6813,444.9563,5.51,4.71,4.67,-0.103384
'01-Oct-1998 00:00:00',509.9257,445.7471,5.07,4.12,4.09,0.000441
'01-Nov-1998 00:00:00',510.0476,445.6595,4.83,4.53,4.54,0.02907
'01-Dec-1998 00:00:00',510.2303,446.0135,4.68,4.52,4.51,-0.106692
'01-Jan-1999 00:00:00',510.4126,446.4603,4.63,4.51,4.62,-0.124938
'01-Feb-1999 00:00:00',510.4126,446.893,4.76,4.7,4.88,-0.352341
'01-Mar-1999 00:00:00',510.4733,447.1072,4.81,4.78,5.05,-0.275318
'01-Apr-1999 00:00:00',511.1385,447.338,4.74,4.69,4.98,-0.279516
'01-May-1999 00:00:00',511.1988,448.078,4.74,4.85,5.25,-0.279658
'01-Jun-1999 00:00:00',511.1988,447.8864,4.76,5.1,5.62,-0.213867
'01-Jul-1999 00:00:00',511.6196,448.5621,4.99,5.03,5.55,-0.148228
'01-Aug-1999 00:00:00',511.8593,448.9807,5.07,5.2,5.68,-0.147479
'01-Sep-1999 00:00:00',512.2773,448.7011,5.22,5.25,5.66,-0.004159
'01-Oct-1999 00:00:00',512.4559,449.9721,5.2,5.43,5.86,-0.040454
'01-Nov-1999 00:00:00',512.6342,450.4709,5.42,5.55,5.86,-0.078502
'01-Dec-1999 00:00:00',512.8715,451.2643,5.3,5.84,6.1,-0.312901
'01-Jan-2000 00:00:00',513.1672,451.3419,5.45,6.12,6.44,-0.12087
'01-Feb-2000 00:00:00',513.5798,451.7194,5.73,6.22,6.61,-0.10413
'01-Mar-2000 00:00:00',514.1664,452.1182,5.85,6.22,6.53,0.153359
'01-Apr-2000 00:00:00',514.1078,452.7427,6.02,6.15,6.4,0.329846
'01-May-2000 00:00:00',514.2833,452.8928,6.27,6.33,6.81,0.498835
'01-Jun-2000 00:00:00',514.8657,452.9504,6.53,6.17,6.48,0.54953
'01-Jul-2000 00:00:00',515.1556,452.7191,6.54,6.08,6.34,0.607972
'01-Aug-2000 00:00:00',515.1556,452.4523,6.5,6.18,6.23,0.76418
'01-Sep-2000 00:00:00',515.6754,452.9374,6.52,6.13,6.08,0.816644
'01-Oct-2000 00:00:00',515.848,452.4865,6.51,6.01,5.91,1.252061
'01-Nov-2000 00:00:00',516.0204,452.4742,6.51,6.09,5.88,1.288705
'01-Dec-2000 00:00:00',516.2498,452.1549,6.4,5.6,5.35,1.360387
'01-Jan-2001 00:00:00',516.8209,451.4333,5.98,4.81,4.76,0.9097
'01-Feb-2001 00:00:00',517.0484,450.8291,5.49,4.68,4.66,0.935115
'01-Mar-2001 00:00:00',517.1052,450.5573,5.31,4.3,4.34,0.973143
'01-Apr-2001 00:00:00',517.2754,450.2787,4.8,3.98,4.23,0.772219
'01-May-2001 00:00:00',517.7843,449.5496,4.21,3.78,4.26,0.686657
'01-Jun-2001 00:00:00',518.0096,448.879,3.97,3.58,4.08,0.976032
'01-Jul-2001 00:00:00',517.8407,448.4373,3.77,3.62,4.04,0.563165
'01-Aug-2001 00:00:00',517.8407,448.1802,3.65,3.47,3.76,0.60858
'01-Sep-2001 00:00:00',518.2345,447.8535,3.07,2.82,3.12,0.998345
'01-Oct-2001 00:00:00',517.9534,447.3623,2.49,2.33,2.73,0.865248
'01-Nov-2001 00:00:00',517.897,446.8214,2.09,2.18,2.78,-0.427836
'01-Dec-2001 00:00:00',517.8407,446.8461,1.82,2.22,3.11,0.359763
'01-Jan-2002 00:00:00',518.0096,447.4606,1.73,2.16,3.03,0.500767
'01-Feb-2002 00:00:00',518.1783,447.4206,1.74,2.23,3.02,0.71221
'01-Mar-2002 00:00:00',518.4589,448.1587,1.73,2.57,3.56,0.266711
'01-Apr-2002 00:00:00',518.9061,448.5763,1.75,2.48,3.42,0.385478
'01-May-2002 00:00:00',519.0175,449.091,1.75,2.35,3.26,0.414249
'01-Jun-2002 00:00:00',519.0732,450.0637,1.75,2.2,2.99,0.751762
'01-Jul-2002 00:00:00',519.2957,449.7277,1.73,1.96,2.56,1.168366
'01-Aug-2002 00:00:00',519.5731,449.8651,1.74,1.76,2.13,1.19177
'01-Sep-2002 00:00:00',519.7391,449.9171,1.75,1.72,2,1.305279
'01-Oct-2002 00:00:00',519.9601,449.5853,1.75,1.65,1.91,1.110808
'01-Nov-2002 00:00:00',520.1255,450.1314,1.34,1.49,1.92,0.784568
'01-Dec-2002 00:00:00',520.2907,449.6793,1.24,1.45,1.84,0.661981
'01-Jan-2003 00:00:00',520.7298,450.3762,1.24,1.36,1.74,0.589204
'01-Feb-2003 00:00:00',521.2759,450.7451,1.26,1.3,1.63,0.394674
'01-Mar-2003 00:00:00',521.4392,450.5461,1.25,1.24,1.57,-0.153522
'01-Apr-2003 00:00:00',521.0579,449.7249,1.26,1.27,1.62,-0.138374
'01-May-2003 00:00:00',520.894,449.7112,1.26,1.18,1.42,-0.854259
'01-Jun-2003 00:00:00',521.0032,449.7197,1.22,1.01,1.23,-0.561209
'01-Jul-2003 00:00:00',521.3304,450.0717,1.01,1.12,1.47,-1.32735
'01-Aug-2003 00:00:00',521.765,449.9524,1.03,1.31,1.86,-0.225067
'01-Sep-2003 00:00:00',522.0896,450.5585,1.01,1.24,1.71,-0.694795
'01-Oct-2003 00:00:00',521.9815,450.5222,1.01,1.25,1.75,-0.543412
'01-Nov-2003 00:00:00',522.0356,451.2759,1,1.34,1.93,-0.540053
'01-Dec-2003 00:00:00',522.3055,451.1935,0.98,1.31,1.91,-0.49322
'01-Jan-2004 00:00:00',522.7358,451.4847,1,1.24,1.76,-0.711418
'01-Feb-2004 00:00:00',522.9503,452.0488,1.01,1.24,1.74,-0.286728
'01-Mar-2004 00:00:00',523.1643,451.5114,1,1.19,1.58,-0.533865
'01-Apr-2004 00:00:00',523.3245,451.918,1,1.43,2.07,-0.740573
'01-May-2004 00:00:00',523.7505,452.6421,1,1.78,2.53,-0.323436
'01-Jun-2004 00:00:00',524.1218,451.8477,1.03,2.12,2.76,-0.333673
'01-Jul-2004 00:00:00',524.2276,452.628,1.26,2.1,2.64,-0.306482
'01-Aug-2004 00:00:00',524.2805,452.8055,1.43,2.02,2.51,-0.461368
'01-Sep-2004 00:00:00',524.5971,452.8458,1.61,2.12,2.53,-0.598777
'01-Oct-2004 00:00:00',525.1226,453.7961,1.76,2.23,2.58,-0.574809
'01-Nov-2004 00:00:00',525.5931,453.9955,1.93,2.5,2.85,-0.701047
'01-Dec-2004 00:00:00',525.5931,454.6688,2.16,2.67,3.01,-0.85373
'01-Jan-2005 00:00:00',525.541,455.0793,2.28,2.86,3.22,-0.806862
'01-Feb-2005 00:00:00',525.9576,455.7046,2.5,3.03,3.38,-1.09208
'01-Mar-2005 00:00:00',526.3208,455.6424,2.63,3.3,3.73,-0.730689
'01-Apr-2005 00:00:00',526.631,455.7303,2.79,3.32,3.65,-0.53511
'01-May-2005 00:00:00',526.5794,455.9126,3,3.33,3.64,-0.386019
'01-Jun-2005 00:00:00',526.631,456.3306,3.04,3.36,3.64,-0.564386
'01-Jul-2005 00:00:00',527.2487,456.1933,3.26,3.64,3.87,-0.653742
'01-Aug-2005 00:00:00',527.8625,456.3185,3.5,3.87,4.04,-0.721005
'01-Sep-2005 00:00:00',529.2299,454.3458,3.62,3.85,3.95,-0.555723
'01-Oct-2005 00:00:00',529.3807,455.5812,3.78,4.18,4.27,-0.455134
'01-Nov-2005 00:00:00',528.8772,456.5519,4,4.33,4.42,-0.386568
'01-Dec-2005 00:00:00',528.8772,457.1202,4.16,4.35,4.4,-0.394374
'01-Jan-2006 00:00:00',529.4811,457.2172,4.29,4.45,4.4,-0.457407
'01-Feb-2006 00:00:00',529.5313,457.2976,4.49,4.68,4.67,-0.348597
'01-Mar-2006 00:00:00',529.6816,457.5475,4.59,4.77,4.73,-0.515825
'01-Apr-2006 00:00:00',530.1812,457.9338,4.79,4.9,4.89,-0.529815
'01-May-2006 00:00:00',530.4796,457.8226,4.94,5,4.97,-0.400727
'01-Jun-2006 00:00:00',530.7277,458.207,4.99,5.16,5.12,-0.449069
'01-Jul-2006 00:00:00',531.2713,458.2554,5.24,5.22,5.12,-0.378634
'01-Aug-2006 00:00:00',531.7139,458.4621,5.25,5.08,4.9,-0.423245
'01-Sep-2006 00:00:00',531.222,458.3303,5.25,4.97,4.77,-0.522988
'01-Oct-2006 00:00:00',530.7772,458.2364,5.25,5.01,4.8,-0.540093
'01-Nov-2006 00:00:00',530.8268,458.1201,5.25,5.01,4.74,-0.52448
'01-Dec-2006 00:00:00',531.3699,459.139,5.24,4.94,4.67,-0.661607
'01-Jan-2007 00:00:00',531.5356,458.6607,5.25,5.06,4.88,-0.678331
'01-Feb-2007 00:00:00',531.9227,459.7701,5.26,5.05,4.85,-0.735689
'01-Mar-2007 00:00:00',532.4414,459.8443,5.26,4.92,4.57,-0.48584
'01-Apr-2007 00:00:00',532.741,460.5682,5.25,4.93,4.67,-0.485028
'01-May-2007 00:00:00',533.1534,460.6279,5.25,4.91,4.77,-0.736344
'01-Jun-2007 00:00:00',533.3848,460.6328,5.25,4.96,4.98,-0.495324
'01-Jul-2007 00:00:00',533.5627,460.6604,5.26,4.96,4.82,-0.084556
'01-Aug-2007 00:00:00',533.5936,460.7866,5.02,4.47,4.31,0.082753
'01-Sep-2007 00:00:00',534.0164,461.2293,4.94,4.14,4.01,-0.001109
'01-Oct-2007 00:00:00',534.3243,460.7391,4.76,4.1,3.97,-0.081753
'01-Nov-2007 00:00:00',535.1071,461.3191,4.49,3.5,3.34,0.214839
'01-Dec-2007 00:00:00',535.3965,461.3337,4.24,3.26,3.12,0.385475
'01-Jan-2008 00:00:00',535.7407,461.0136,3.94,2.71,2.48,0.67884
'01-Feb-2008 00:00:00',535.9822,460.8174,2.98,2.05,1.97,0.848258
'01-Mar-2008 00:00:00',536.3393,460.5248,2.61,1.54,1.62,1.091471
'01-Apr-2008 00:00:00',536.5705,459.7413,2.28,1.74,2.05,0.59478
'01-May-2008 00:00:00',537.1605,459.2745,1.98,2.06,2.45,0.628826
'01-Jun-2008 00:00:00',538.2029,459.0705,2,2.42,2.77,0.704856
'01-Jul-2008 00:00:00',538.9145,458.6173,2.01,2.28,2.57,1.056176
'01-Aug-2008 00:00:00',538.7655,457.0016,2,2.18,2.42,1.150368
'01-Sep-2008 00:00:00',538.851,452.6987,1.81,1.91,2.08,1.494335
'01-Oct-2008 00:00:00',537.9874,453.523,0.97,1.42,1.61,2.970945
'01-Nov-2008 00:00:00',536.201,452.3573,0.39,1.07,1.21,2.001412
'01-Dec-2008 00:00:00',535.3743,449.4944,0.16,0.49,0.82,2.23929
'01-Jan-2009 00:00:00',535.636,447.2188,0.15,0.44,0.81,2.176283
'01-Feb-2009 00:00:00',536.0461,446.576,0.22,0.62,0.98,2.601959
'01-Mar-2009 00:00:00',535.905,445.028,0.18,0.64,0.93,2.132363
'01-Apr-2009 00:00:00',535.9681,444.1865,0.15,0.55,0.93,1.926129
'01-May-2009 00:00:00',536.1283,443.1611,0.18,0.5,0.93,0.983595
'01-Jun-2009 00:00:00',536.9666,442.7922,0.21,0.51,1.18,0.632751
'01-Jul-2009 00:00:00',536.9335,443.6534,0.16,0.48,1.02,0.07803
'01-Aug-2009 00:00:00',537.2692,444.7011,0.16,0.46,1.12,-0.228104
'01-Sep-2009 00:00:00',537.4723,445.3803,0.15,0.4,0.96,-0.144004
'01-Oct-2009 00:00:00',537.7507,445.6938,0.12,0.37,0.95,-0.348584
'01-Nov-2009 00:00:00',538.0657,446.1755,0.12,0.31,0.8,-0.151492
'01-Dec-2009 00:00:00',538.1578,446.6409,0.12,0.37,0.87,-0.569734
'01-Jan-2010 00:00:00',538.2098,447.6927,0.11,0.35,0.93,-0.229574
'01-Feb-2010 00:00:00',538.1537,448.0764,0.13,0.35,0.86,0.036577
'01-Mar-2010 00:00:00',538.1647,448.8305,0.16,0.4,0.96,-0.093996
'01-Apr-2010 00:00:00',538.1191,449.1636,0.2,0.45,1.06,-0.227013
'01-May-2010 00:00:00',538.0956,450.7286,0.2,0.37,0.83,-0.177303
'01-Jun-2010 00:00:00',538.1412,450.9478,0.18,0.32,0.72,-0.040396
'01-Jul-2010 00:00:00',538.3072,451.531,0.18,0.29,0.62,0.16767
'01-Aug-2010 00:00:00',538.4587,451.7967,0.19,0.26,0.52,-0.489363
'01-Sep-2010 00:00:00',538.5957,452.0515,0.19,0.26,0.48,-0.085991
'01-Oct-2010 00:00:00',538.9053,451.7087,0.19,0.23,0.38,-0.035421
'01-Nov-2010 00:00:00',539.122,451.9781,0.19,0.25,0.45,-0.155059
'01-Dec-2010 00:00:00',539.5753,452.9611,0.18,0.29,0.62,-0.403172
'01-Jan-2011 00:00:00',539.8466,452.8384,0.17,0.27,0.61,0.081907
'01-Feb-2011 00:00:00',540.2263,452.3687,0.16,0.29,0.77,-0.217003
'01-Mar-2011 00:00:00',540.7647,453.3821,0.14,0.26,0.7,-0.250326
'01-Apr-2011 00:00:00',541.1106,452.8035,0.1,0.25,0.73,-0.216373
'01-May-2011 00:00:00',541.4976,453.1659,0.09,0.19,0.56,-0.084545
'01-Jun-2011 00:00:00',541.6412,453.3431,0.09,0.18,0.41,0.081981
'01-Jul-2011 00:00:00',541.8737,453.9124,0.07,0.19,0.41,-0.020915
'01-Aug-2011 00:00:00',542.1362,454.4583,0.1,0.11,0.23,-0.250424
'01-Sep-2011 00:00:00',542.3861,454.5649,0.08,0.1,0.21,0.289268
'01-Oct-2011 00:00:00',542.3751,455.1214,0.07,0.11,0.28,-0.306556
'01-Nov-2011 00:00:00',542.5166,455.3454,0.08,0.11,0.25,0.382049
'01-Dec-2011 00:00:00',542.5554,455.9377,0.07,0.12,0.26,0.10295
'01-Jan-2012 00:00:00',542.7612,456.6387,0.08,0.12,0.24,0.030121
'01-Feb-2012 00:00:00',543.0455,457.1274,0.1,0.16,0.28,-0.121284
'01-Mar-2012 00:00:00',543.3503,456.5798,0.13,0.19,0.34,-0.529989
'01-Apr-2012 00:00:00',543.3508,457.3238,0.14,0.18,0.29,-0.367213
'01-May-2012 00:00:00',543.2184,457.5785,0.16,0.19,0.29,-0.350847
'01-Jun-2012 00:00:00',543.339,457.6073,0.16,0.19,0.29,-0.067985
'01-Jul-2012 00:00:00',543.1903758,460.790245,0.16,0.19,0.25,NaN
'01-Aug-2012 00:00:00',543.7692278,460.349879,0.13,0.18,0.27,NaN
'01-Sep-2012 00:00:00',544.2867826,460.4358857,0.14,0.18,0.26,NaN
'01-Oct-2012 00:00:00',544.5620369,460.7046425,0.16,0.18,0.28,NaN
'01-Nov-2012 00:00:00',544.3291787,461.158457,0.16,0.18,0.27,NaN
'01-Dec-2012 00:00:00',544.3131741,461.3713587,0.16,0.16,0.26,NaN
'01-Jan-2013 00:00:00',544.4337944,461.445693,0.14,0.15,0.27,NaN
'01-Feb-2013 00:00:00',545.0192602,461.8505869,0.15,0.16,0.27,NaN
'01-Mar-2013 00:00:00',544.7792849,462.0659603,0.14,0.15,0.26,NaN
'01-Apr-2013 00:00:00',544.5322578,462.0438037,0.15,0.12,0.23,NaN
'01-May-2013 00:00:00',544.6694267,461.9752348,0.11,0.12,0.25,NaN
'01-Jun-2013 00:00:00',544.9247151,462.1654569,0.09,0.14,0.33,NaN
'01-Jul-2013 00:00:00',545.0952613,461.7775405,0.09,0.12,0.34,NaN
'01-Aug-2013 00:00:00',545.2809417,462.5406053,0.08,0.13,0.36,NaN
'01-Sep-2013 00:00:00',545.4350559,463.1189723,0.08,0.12,0.4,NaN
'01-Oct-2013 00:00:00',545.49065,463.1358265,0.09,0.12,0.34,NaN
'01-Nov-2013 00:00:00',545.5483495,463.3916037,0.08,0.12,0.3,NaN
'01-Dec-2013 00:00:00',545.8295321,463.6561289,0.09,0.13,0.34,NaN
'01-Jan-2014 00:00:00',546.0130047,463.4774618,0.07,0.12,0.39,NaN
'01-Feb-2014 00:00:00',546.1099261,464.2542076,0.07,0.12,0.33,NaN
'01-Mar-2014 00:00:00',546.2941578,465.0731333,0.08,0.13,0.4,NaN
'01-Apr-2014 00:00:00',546.4848237,465.2621359,0.09,0.11,0.42,NaN
'01-May-2014 00:00:00',546.7849148,465.6301417,0.09,0.1,0.39,NaN
'01-Jun-2014 00:00:00',546.9527419,466.0756253,0.1,0.1,0.45,NaN
'01-Jul-2014 00:00:00',547.0571752,466.4196354,0.09,0.11,0.51,NaN
'01-Aug-2014 00:00:00',546.9784392,466.4512103,0.09,0.11,0.47,NaN
'01-Sep-2014 00:00:00',547.0698009,466.9811202,0.09,0.11,0.57,NaN
'01-Oct-2014 00:00:00',547.123232,467.1391353,0.09,0.1,0.45,NaN
'01-Nov-2014 00:00:00',546.8342802,468.0273948,0.09,0.13,0.53,NaN
'01-Dec-2014 00:00:00',546.5034471,468.130496,0.12,0.21,0.64,NaN
'01-Jan-2015 00:00:00',545.8210101,467.8423436,0.11,0.2,0.55,NaN
'01-Feb-2015 00:00:00',546.037669,467.6902768,0.11,0.22,0.62,NaN
'01-Mar-2015 00:00:00',546.2729503,467.5045068,0.11,0.25,0.64,NaN
'01-Apr-2015 00:00:00',546.3755531,467.3388491,0.12,0.23,0.54,NaN
'01-May-2015 00:00:00',546.8190934,466.9832762,0.12,0.24,0.61,NaN
'01-Jun-2015 00:00:00',547.137111,466.9672456,0.13,0.28,0.69,NaN
'01-Jul-2015 00:00:00',547.2686554,467.7561543,0.13,0.3,0.67,NaN
'01-Aug-2015 00:00:00',547.1980716,467.9097928,0.14,0.38,0.7,NaN
'01-Sep-2015 00:00:00',547.044548,467.7856362,0.14,0.37,0.71,NaN
'01-Oct-2015 00:00:00',547.2447129,467.4117723,0.12,0.26,0.64,NaN
'01-Nov-2015 00:00:00',547.2736952,466.8463244,0.12,0.48,0.88,NaN
'01-Dec-2015 00:00:00',NaN,NaN,0.24,0.65,0.98,NaN
